path,copy,elbo_Y,rmsd,gdt_ts,gdt_ha,tm,lddt
../structures/1a/1ael.A.pdb,0,-0.2489440143108368,2.777,0.624,0.3912,0.7401,0.551
../structures/1a/1ael.A.pdb,1,-0.3102928698062897,2.666,0.6336,0.3989,0.7586,0.5828
../structures/1a/1ael.A.pdb,2,-0.28838494420051575,2.537,0.6393,0.4027,0.7685,0.6044
../structures/1a/1ael.A.pdb,3,-0.2278590351343155,2.489,0.6527,0.4179,0.7754,0.6017
../structures/1a/1ael.A.pdb,4,-0.2796159088611603,2.616,0.6336,0.3989,0.7575,0.5867
../structures/1b/1bv2.A.pdb,0,-0.15167710185050964,2.349,0.772,0.5577,0.7726,0.7066
../structures/1b/1bv2.A.pdb,1,-0.16552451252937317,2.061,0.761,0.5522,0.7938,0.7115
../structures/1b/1bv2.A.pdb,2,-0.1378663182258606,2.152,0.8022,0.6044,0.8137,0.7341
../structures/1b/1bv2.A.pdb,3,-0.19819991290569305,2.032,0.7582,0.5467,0.7958,0.6829
../structures/1b/1bv2.A.pdb,4,-0.19744375348091125,1.831,0.8104,0.6099,0.8319,0.7228
../structures/1c/1c54.A.pdb,0,-0.30342376232147217,1.969,0.7604,0.5417,0.8089,0.6969
../structures/1c/1c54.A.pdb,1,-0.3152066469192505,1.971,0.8047,0.5859,0.8141,0.7263
../structures/1c/1c54.A.pdb,2,-0.4233448803424835,1.756,0.8021,0.5911,0.8397,0.7476
../structures/1c/1c54.A.pdb,3,-0.3848821222782135,1.802,0.7969,0.5781,0.8328,0.7286
../structures/1c/1c54.A.pdb,4,-0.4261902868747711,1.969,0.7682,0.5495,0.8125,0.709
../structures/1e/1eal.A.pdb,0,-0.27151069045066833,1.893,0.7579,0.5335,0.8457,0.7481
../structures/1e/1eal.A.pdb,1,-0.2751530110836029,2.412,0.7126,0.4862,0.787,0.7306
../structures/1e/1eal.A.pdb,2,-0.23255693912506104,2.281,0.7028,0.4724,0.8,0.7234
../structures/1e/1eal.A.pdb,3,-0.2518403232097626,2.204,0.7303,0.5039,0.814,0.7197
../structures/1e/1eal.A.pdb,4,-0.25023218989372253,1.882,0.7579,0.5315,0.8529,0.7546
../structures/1f/1f3y.A.pdb,0,-0.3836548924446106,2.755,0.7258,0.4985,0.8289,0.7285
../structures/1f/1f3y.A.pdb,1,-0.3844795525074005,3.429,0.6773,0.4561,0.7905,0.689
../structures/1f/1f3y.A.pdb,2,-0.4352680444717407,3.568,0.6803,0.453,0.7996,0.6911
../structures/1f/1f3y.A.pdb,3,-0.40283066034317017,3.554,0.6773,0.4545,0.7914,0.6878
../structures/1f/1f3y.A.pdb,4,-0.4190797209739685,3.404,0.6636,0.4379,0.7787,0.6889
../structures/1f/1fmf.A.pdb,0,-0.3197729289531708,2.478,0.7153,0.4891,0.8138,0.6603
../structures/1f/1fmf.A.pdb,1,-0.2431161254644394,3.086,0.6661,0.438,0.7758,0.6327
../structures/1f/1fmf.A.pdb,2,-0.24531683325767517,2.378,0.7336,0.5055,0.8272,0.6881
../structures/1f/1fmf.A.pdb,3,-0.27336668968200684,2.912,0.6752,0.4471,0.7948,0.6629
../structures/1f/1fmf.A.pdb,4,-0.30687347054481506,2.866,0.6588,0.4307,0.7746,0.6395
../structures/1g/1gh1.A.pdb,0,-0.0934395119547844,2.708,0.6694,0.4472,0.7171,0.6337
../structures/1g/1gh1.A.pdb,1,-0.09888307005167007,2.609,0.7,0.4778,0.7357,0.6711
../structures/1g/1gh1.A.pdb,2,-0.09876774251461029,2.688,0.6861,0.4639,0.713,0.6606
../structures/1g/1gh1.A.pdb,3,-0.06354977190494537,2.552,0.7,0.475,0.7497,0.6603
../structures/1g/1gh1.A.pdb,4,-0.10199723392724991,2.454,0.7389,0.5139,0.769,0.6683
../structures/1g/1gqn.A.pdb,0,-0.2238103300333023,2.059,0.753,0.5308,0.9109,0.7586
../structures/1g/1gqn.A.pdb,1,-0.26031041145324707,2.002,0.754,0.5248,0.9123,0.7614
../structures/1g/1gqn.A.pdb,2,-0.20516031980514526,2.262,0.7579,0.5377,0.9018,0.7491
../structures/1g/1gqn.A.pdb,3,-0.27550581097602844,2.395,0.7351,0.5099,0.8924,0.7488
../structures/1g/1gqn.A.pdb,4,-0.20384502410888672,2.163,0.753,0.5278,0.9037,0.7519
../structures/1g/1gqz.A.pdb,0,-0.3489520847797394,2.72,0.6442,0.4078,0.8602,0.721
../structures/1g/1gqz.A.pdb,1,-0.321071982383728,2.601,0.6405,0.4042,0.8607,0.7027
../structures/1g/1gqz.A.pdb,2,-0.3943098187446594,2.864,0.6095,0.3732,0.8393,0.7034
../structures/1g/1gqz.A.pdb,3,-0.35762667655944824,2.69,0.6405,0.4042,0.8561,0.7092
../structures/1g/1gqz.A.pdb,4,-0.3595345616340637,2.861,0.625,0.3878,0.8466,0.7173
../structures/1h/1hsi.B.pdb,0,-0.25880399346351624,2.035,0.7854,0.5707,0.8307,0.7914
../structures/1h/1hsi.B.pdb,1,-0.3709981441497803,1.652,0.8384,0.6237,0.8689,0.8003
../structures/1h/1hsi.B.pdb,2,-0.26027601957321167,1.571,0.851,0.6515,0.8804,0.803
../structures/1h/1hsi.B.pdb,3,-0.268318235874176,1.789,0.846,0.649,0.8689,0.8169
../structures/1h/1hsi.B.pdb,4,-0.3091660141944885,1.971,0.8232,0.6263,0.8497,0.7946
../structures/1i/1i56.A.pdb,0,-0.23739048838615417,3.033,0.6596,0.4288,0.7454,0.651
../structures/1i/1i56.A.pdb,1,-0.24118365347385406,3.022,0.6596,0.4308,0.7441,0.6757
../structures/1i/1i56.A.pdb,2,-0.21736741065979004,2.997,0.6692,0.4462,0.7626,0.6631
../structures/1i/1i56.A.pdb,3,-0.23557859659194946,2.71,0.6962,0.475,0.7835,0.6694
../structures/1i/1i56.A.pdb,4,-0.2663038372993469,2.902,0.675,0.4538,0.7629,0.652
../structures/1i/1igp.A.pdb,0,-0.23146337270736694,1.769,0.7943,0.5771,0.9056,0.7576
../structures/1i/1igp.A.pdb,1,-0.23418603837490082,2.063,0.7586,0.5343,0.8771,0.7515
../structures/1i/1igp.A.pdb,2,-0.27966946363449097,1.911,0.78,0.5557,0.8895,0.7623
../structures/1i/1igp.A.pdb,3,-0.20478761196136475,2.091,0.7586,0.5357,0.8782,0.7446
../structures/1i/1igp.A.pdb,4,-0.2368316650390625,2.085,0.7714,0.55,0.8854,0.7691
../structures/1j/1jfj.A.pdb,0,-0.381565660238266,14.012,0.3377,0.2313,0.3896,0.6945
../structures/1j/1jfj.A.pdb,1,-0.2897258996963501,13.053,0.3414,0.2313,0.3974,0.6861
../structures/1j/1jfj.A.pdb,2,-0.3404363989830017,12.288,0.3937,0.2873,0.4432,0.7171
../structures/1j/1jfj.A.pdb,3,-0.2942984104156494,12.322,0.3918,0.2836,0.4379,0.7195
../structures/1j/1jfj.A.pdb,4,-0.3231564164161682,12.211,0.3601,0.2519,0.3849,0.6862
../structures/1k/1k2h.A.pdb,0,-0.3547962009906769,5.898,0.5108,0.3172,0.513,0.5509
../structures/1k/1k2h.A.pdb,1,-0.2798296809196472,6.266,0.5027,0.3145,0.5328,0.5574
../structures/1k/1k2h.A.pdb,2,-0.2170698195695877,6.189,0.5215,0.328,0.5234,0.5744
../structures/1k/1k2h.A.pdb,3,-0.27562305331230164,6.19,0.5081,0.3145,0.5242,0.5478
../structures/1k/1k2h.A.pdb,4,-0.21568846702575684,5.88,0.5242,0.3387,0.5371,0.5531
../structures/1l/1lip.A.pdb,0,-0.1686125546693802,2.725,0.6731,0.4478,0.7125,0.5731
../structures/1l/1lip.A.pdb,1,-0.1758492887020111,2.221,0.728,0.5055,0.7629,0.6467
../structures/1l/1lip.A.pdb,2,-0.14854983985424042,2.245,0.7253,0.5027,0.7646,0.6352
../structures/1l/1lip.A.pdb,3,-0.08418940752744675,2.264,0.7363,0.511,0.7655,0.6348
../structures/1l/1lip.A.pdb,4,-0.19178500771522522,2.348,0.6978,0.4698,0.7493,0.6104
../structures/1m/1mut.A.pdb,0,-0.30886825919151306,3.934,0.5814,0.3566,0.6566,0.6287
../structures/1m/1mut.A.pdb,1,-0.25080808997154236,4.38,0.5465,0.3236,0.6349,0.5989
../structures/1m/1mut.A.pdb,2,-0.3112069070339203,3.983,0.5678,0.3372,0.6563,0.6289
../structures/1m/1mut.A.pdb,3,-0.3194284439086914,3.728,0.5833,0.3508,0.6718,0.6117
../structures/1m/1mut.A.pdb,4,-0.27529463171958923,3.725,0.5833,0.3488,0.6637,0.6302
../structures/1m/1mx7.A.pdb,0,-0.18958750367164612,2.165,0.7351,0.5075,0.8421,0.7508
../structures/1m/1mx7.A.pdb,1,-0.23953735828399658,2.45,0.6772,0.4422,0.7953,0.7136
../structures/1m/1mx7.A.pdb,2,-0.1804538071155548,2.324,0.7146,0.4888,0.8155,0.7324
../structures/1m/1mx7.A.pdb,3,-0.25123485922813416,2.323,0.7108,0.4832,0.8103,0.7245
../structures/1m/1mx7.A.pdb,4,-0.23364189267158508,2.194,0.7257,0.4963,0.8271,0.7468
../structures/1n/1ntr.A.pdb,0,-0.32880374789237976,4.207,0.5403,0.3145,0.6257,0.5811
../structures/1n/1ntr.A.pdb,1,-0.3113257884979248,4.187,0.5464,0.3226,0.6273,0.5906
../structures/1n/1ntr.A.pdb,2,-0.33763524889945984,4.274,0.5403,0.3185,0.6153,0.5859
../structures/1n/1ntr.A.pdb,3,-0.3719085454940796,4.124,0.5444,0.3165,0.64,0.5887
../structures/1n/1ntr.A.pdb,4,-0.36031726002693176,4.234,0.5181,0.2883,0.5918,0.5658
../structures/1o/1o1u.A.pdb,0,-0.2919232249259949,2.337,0.7008,0.4705,0.8056,0.7089
../structures/1o/1o1u.A.pdb,1,-0.2580448389053345,1.995,0.7795,0.5571,0.8611,0.7453
../structures/1o/1o1u.A.pdb,2,-0.2269565612077713,2.488,0.7028,0.4744,0.7836,0.7016
../structures/1o/1o1u.A.pdb,3,-0.1954299658536911,2.206,0.7323,0.5138,0.8197,0.7199
../structures/1o/1o1u.A.pdb,4,-0.23186270892620087,2.19,0.7165,0.4882,0.8216,0.7083
../structures/1p/1pdb.A.pdb,0,-0.18000274896621704,1.788,0.7702,0.5457,0.8997,0.7692
../structures/1p/1pdb.A.pdb,1,-0.22681961953639984,1.83,0.7675,0.5417,0.896,0.7641
../structures/1p/1pdb.A.pdb,2,-0.22956103086471558,2.022,0.7419,0.5121,0.8851,0.7515
../structures/1p/1pdb.A.pdb,3,-0.19347363710403442,1.903,0.7513,0.5242,0.893,0.7604
../structures/1p/1pdb.A.pdb,4,-0.21001571416854858,1.94,0.7366,0.5081,0.8852,0.7565
../structures/1t/1tfu.A.pdb,0,-0.1939941942691803,1.837,0.7914,0.5653,0.8976,0.7706
../structures/1t/1tfu.A.pdb,1,-0.13995212316513062,1.779,0.8248,0.6099,0.9012,0.7772
../structures/1t/1tfu.A.pdb,2,-0.18925033509731293,1.842,0.7755,0.5589,0.8807,0.7276
../structures/1t/1tfu.A.pdb,3,-0.21283768117427826,1.765,0.8137,0.5939,0.9005,0.7933
../structures/1t/1tfu.A.pdb,4,-0.18452252447605133,1.625,0.8137,0.6003,0.9092,0.7649
../structures/1t/1tjd.A.pdb,0,-0.26746731996536255,2.57,0.6956,0.4699,0.8513,0.7545
../structures/1t/1tjd.A.pdb,1,-0.28340402245521545,3.367,0.6771,0.456,0.7936,0.7301
../structures/1t/1tjd.A.pdb,2,-0.2977270185947418,3.15,0.6875,0.4572,0.8291,0.7298
../structures/1t/1tjd.A.pdb,3,-0.32884639501571655,3.028,0.7072,0.4815,0.845,0.7436
../structures/1t/1tjd.A.pdb,4,-0.2980230152606964,3.319,0.6586,0.441,0.7953,0.7381
../structures/1x/1xsa.A.pdb,0,-0.4084945321083069,2.88,0.6846,0.4542,0.8064,0.6557
../structures/1x/1xsa.A.pdb,1,-0.4645334780216217,3.114,0.6601,0.4314,0.7928,0.6629
../structures/1x/1xsa.A.pdb,2,-0.4049469828605652,3.125,0.7124,0.4902,0.8174,0.6904
../structures/1x/1xsa.A.pdb,3,-0.3037089407444,2.906,0.6993,0.4739,0.8086,0.6696
../structures/1x/1xsa.A.pdb,4,-0.3158572018146515,3.56,0.6944,0.4722,0.8119,0.6963
../structures/1z/1z15.A.pdb,0,-0.43112820386886597,4.257,0.4789,0.2384,0.7483,0.6451
../structures/1z/1z15.A.pdb,1,-0.43195784091949463,4.611,0.4629,0.2253,0.7209,0.641
../structures/1z/1z15.A.pdb,2,-0.42157989740371704,4.385,0.5145,0.2798,0.7403,0.6783
../structures/1z/1z15.A.pdb,3,-0.44800060987472534,4.357,0.5087,0.2703,0.7402,0.6688
../structures/1z/1z15.A.pdb,4,-0.4782882630825043,5.327,0.4775,0.2529,0.6835,0.6546
../structures/2c/2cjo.A.pdb,0,-0.21443510055541992,2.037,0.7809,0.5593,0.8141,0.7302
../structures/2c/2cjo.A.pdb,1,-0.33674103021621704,1.979,0.7552,0.5284,0.805,0.703
../structures/2c/2cjo.A.pdb,2,-0.2880460023880005,1.967,0.7887,0.5619,0.818,0.7201
../structures/2c/2cjo.A.pdb,3,-0.2493242770433426,2.085,0.7732,0.5515,0.8185,0.7019
../structures/2c/2cjo.A.pdb,4,-0.1890878677368164,1.914,0.8067,0.5928,0.8416,0.7534
../structures/2d/2d9e.A.pdb,0,-0.2304849922657013,3.439,0.7479,0.5372,0.8118,0.7365
../structures/2d/2d9e.A.pdb,1,-0.18420545756816864,3.251,0.7355,0.5207,0.8064,0.7293
../structures/2d/2d9e.A.pdb,2,-0.22260823845863342,3.613,0.7665,0.5599,0.8134,0.7483
../structures/2d/2d9e.A.pdb,3,-0.2689323127269745,5.121,0.7355,0.5434,0.8012,0.7654
../structures/2d/2d9e.A.pdb,4,-0.20060306787490845,2.741,0.7603,0.5434,0.8236,0.752
../structures/2f/2f63.A.pdb,0,-0.17214539647102356,2.245,0.7437,0.5142,0.8524,0.7166
../structures/2f/2f63.A.pdb,1,-0.2780710756778717,2.297,0.7136,0.4794,0.8442,0.7028
../structures/2f/2f63.A.pdb,2,-0.1794869750738144,2.359,0.6978,0.4636,0.8316,0.6921
../structures/2f/2f63.A.pdb,3,-0.23725423216819763,2.543,0.6867,0.4589,0.8172,0.669
../structures/2f/2f63.A.pdb,4,-0.1987292468547821,2.314,0.7104,0.4794,0.8347,0.7066
../structures/2f/2fhm.A.pdb,0,-0.20949684083461761,1.883,0.8214,0.6126,0.8305,0.7568
../structures/2f/2fhm.A.pdb,1,-0.34893539547920227,2.398,0.7857,0.5742,0.7897,0.7283
../structures/2f/2fhm.A.pdb,2,-0.2648050785064697,1.703,0.8159,0.5989,0.8382,0.7547
../structures/2f/2fhm.A.pdb,3,-0.2887778878211975,2.07,0.7775,0.5769,0.7953,0.724
../structures/2f/2fhm.A.pdb,4,-0.2586517333984375,1.726,0.8297,0.6181,0.8531,0.7784
../structures/2i/2in2.A.pdb,0,-0.3626968264579773,3.177,0.6525,0.4231,0.7935,0.6796
../structures/2i/2in2.A.pdb,1,-0.31762903928756714,2.996,0.6621,0.4368,0.8104,0.6871
../structures/2i/2in2.A.pdb,2,-0.39512839913368225,3.369,0.6319,0.4038,0.7844,0.6644
../structures/2i/2in2.A.pdb,3,-0.35932257771492004,3.161,0.6223,0.3887,0.7802,0.6553
../structures/2i/2in2.A.pdb,4,-0.37448158860206604,3.08,0.658,0.4217,0.7906,0.6811
../structures/2j/2ju3.A.pdb,0,-0.27192437648773193,3.878,0.6142,0.3878,0.6741,0.6878
../structures/2j/2ju3.A.pdb,1,-0.34263309836387634,3.755,0.6594,0.437,0.7022,0.7149
../structures/2j/2ju3.A.pdb,2,-0.30129721760749817,3.354,0.6614,0.4311,0.7381,0.7202
../structures/2j/2ju3.A.pdb,3,-0.36535900831222534,3.903,0.6102,0.3878,0.6777,0.6882
../structures/2j/2ju3.A.pdb,4,-0.27398332953453064,3.32,0.626,0.4016,0.7051,0.6988
../structures/2j/2jww.A.pdb,0,-0.2141023874282837,2.788,0.6216,0.3922,0.7135,0.5927
../structures/2j/2jww.A.pdb,1,-0.16766706109046936,2.729,0.6376,0.4037,0.7224,0.6034
../structures/2j/2jww.A.pdb,2,-0.1141149252653122,2.752,0.6422,0.4128,0.7271,0.6094
../structures/2j/2jww.A.pdb,3,-0.13492697477340698,2.566,0.6468,0.4174,0.7404,0.6134
../structures/2j/2jww.A.pdb,4,-0.12494754046201706,2.506,0.6628,0.4312,0.7569,0.6443
../structures/2k/2k43.A.pdb,0,-0.32494089007377625,3.147,0.6673,0.4323,0.7679,0.6373
../structures/2k/2k43.A.pdb,1,-0.2719208002090454,3.134,0.6504,0.4173,0.7591,0.6342
../structures/2k/2k43.A.pdb,2,-0.23020626604557037,3.13,0.6523,0.4229,0.7599,0.6359
../structures/2k/2k43.A.pdb,3,-0.35037341713905334,3.11,0.6617,0.4305,0.7692,0.6337
../structures/2k/2k43.A.pdb,4,-0.30022695660591125,2.954,0.6673,0.4361,0.7651,0.6335
../structures/2l/2l50.A.pdb,0,-0.2582096755504608,3.713,0.6495,0.4314,0.6634,0.6589
../structures/2l/2l50.A.pdb,1,-0.22442002594470978,3.652,0.6348,0.4216,0.6808,0.6616
../structures/2l/2l50.A.pdb,2,-0.21261386573314667,3.914,0.6078,0.3897,0.6397,0.6415
../structures/2l/2l50.A.pdb,3,-0.1751302182674408,3.756,0.6275,0.4093,0.6508,0.6521
../structures/2l/2l50.A.pdb,4,-0.20066295564174652,3.409,0.625,0.4044,0.6837,0.647
../structures/2l/2l68.A.pdb,0,-0.2605455815792084,1.921,0.7599,0.5397,0.8482,0.7388
../structures/2l/2l68.A.pdb,1,-0.1467215120792389,1.704,0.7996,0.5734,0.8768,0.7704
../structures/2l/2l68.A.pdb,2,-0.23196296393871307,1.755,0.7798,0.5556,0.8686,0.7504
../structures/2l/2l68.A.pdb,3,-0.2565585970878601,1.825,0.7639,0.5377,0.8558,0.7515
../structures/2l/2l68.A.pdb,4,-0.2218697965145111,1.856,0.7579,0.5357,0.8569,0.7576
../structures/2l/2lao.A.pdb,0,-0.25219935178756714,4.307,0.5557,0.3256,0.6914,0.738
../structures/2l/2lao.A.pdb,1,-0.335150808095932,5.268,0.5305,0.3204,0.6528,0.7243
../structures/2l/2lao.A.pdb,2,-0.31157657504081726,4.286,0.5672,0.3403,0.7028,0.7304
../structures/2l/2lao.A.pdb,3,-0.2885899245738983,4.865,0.5483,0.3267,0.6588,0.752
../structures/2l/2lao.A.pdb,4,-0.2765398621559143,4.452,0.5882,0.3613,0.6942,0.7454
../structures/2l/2lhs.A.pdb,0,-0.43073606491088867,2.633,0.6941,0.4559,0.826,0.6484
../structures/2l/2lhs.A.pdb,1,-0.37082639336586,2.544,0.7074,0.4721,0.8357,0.6641
../structures/2l/2lhs.A.pdb,2,-0.405211865901947,2.804,0.6794,0.4441,0.8102,0.6208
../structures/2l/2lhs.A.pdb,3,-0.41240474581718445,2.719,0.7044,0.4706,0.8247,0.6405
../structures/2l/2lhs.A.pdb,4,-0.4510333836078644,2.821,0.6662,0.4338,0.8027,0.6404
../structures/2n/2nln.A.pdb,0,-0.19322165846824646,4.511,0.5093,0.287,0.5536,0.5126
../structures/2n/2nln.A.pdb,1,-0.23317934572696686,4.457,0.5231,0.2963,0.5742,0.5583
../structures/2n/2nln.A.pdb,2,-0.14728234708309174,4.435,0.5278,0.3079,0.5695,0.5489
../structures/2n/2nln.A.pdb,3,-0.21493639051914215,4.657,0.4861,0.2616,0.5243,0.5066
../structures/2n/2nln.A.pdb,4,-0.23064666986465454,4.323,0.5301,0.3079,0.5818,0.5417
../structures/2p/2p3m.A.pdb,0,-0.42081812024116516,3.806,0.6562,0.4375,0.7511,0.7006
../structures/2p/2p3m.A.pdb,1,-0.41037246584892273,3.371,0.6379,0.4191,0.7439,0.693
../structures/2p/2p3m.A.pdb,2,-0.4538002908229828,3.352,0.6636,0.4393,0.7581,0.7058
../structures/2p/2p3m.A.pdb,3,-0.40104010701179504,3.737,0.6526,0.4375,0.7447,0.7201
../structures/2p/2p3m.A.pdb,4,-0.39317959547042847,3.35,0.6728,0.4651,0.7578,0.7064
../structures/2u/2uz5.A.pdb,0,-0.3987690806388855,3.655,0.6277,0.4106,0.7318,0.6559
../structures/2u/2uz5.A.pdb,1,-0.36090949177742004,3.417,0.6606,0.438,0.7562,0.6591
../structures/2u/2uz5.A.pdb,2,-0.3930562436580658,4.071,0.6204,0.4033,0.7214,0.6515
../structures/2u/2uz5.A.pdb,3,-0.38411518931388855,3.204,0.677,0.458,0.7807,0.6771
../structures/2u/2uz5.A.pdb,4,-0.4048309326171875,3.684,0.615,0.3869,0.7139,0.6342
../structures/4a/4ake.B.pdb,0,-0.10393302887678146,7.019,0.5386,0.3668,0.6806,0.7429
../structures/4a/4ake.B.pdb,1,-0.17120452225208282,7.265,0.5315,0.3586,0.6724,0.7287
../structures/4a/4ake.B.pdb,2,-0.14177076518535614,6.907,0.5374,0.3528,0.6884,0.7289
../structures/4a/4ake.B.pdb,3,-0.14497019350528717,6.649,0.5806,0.403,0.7056,0.7586
../structures/4a/4ake.B.pdb,4,-0.15626533329486847,6.951,0.5397,0.361,0.6861,0.7468
../structures/1i/1ija.A.pdb,0,-0.6779329776763916,5.486,0.6149,0.3986,0.7217,0.618
../structures/1i/1ija.A.pdb,1,-0.6021855473518372,4.389,0.5997,0.3801,0.7127,0.6215
../structures/1i/1ija.A.pdb,2,-0.6744260191917419,5.318,0.6115,0.3986,0.732,0.6274
../structures/1i/1ija.A.pdb,3,-0.6762354969978333,6.1,0.6385,0.4155,0.7387,0.6162
../structures/1i/1ija.A.pdb,4,-0.5745755434036255,6.37,0.5794,0.3632,0.698,0.6112
../structures/1j/1jm4.B.pdb,0,-0.18731628358364105,4.113,0.6335,0.4153,0.7132,0.6943
../structures/1j/1jm4.B.pdb,1,-0.18248625099658966,4.895,0.6208,0.4089,0.6978,0.6722
../structures/1j/1jm4.B.pdb,2,-0.2064153403043747,4.397,0.6716,0.4661,0.7317,0.6949
../structures/1j/1jm4.B.pdb,3,-0.1459757536649704,4.171,0.6695,0.4576,0.7357,0.7233
../structures/1j/1jm4.B.pdb,4,-0.16671544313430786,4.143,0.6292,0.4153,0.708,0.6776
../structures/1m/1mo7.A.pdb,0,-0.41440585255622864,4.335,0.5704,0.3486,0.7323,0.636
../structures/1m/1mo7.A.pdb,1,-0.43041175603866577,3.645,0.5833,0.3521,0.7748,0.6341
../structures/1m/1mo7.A.pdb,2,-0.5184662938117981,3.907,0.5728,0.3427,0.7517,0.62
../structures/1m/1mo7.A.pdb,3,-0.4756605923175812,3.96,0.5939,0.3674,0.7628,0.649
../structures/1m/1mo7.A.pdb,4,-0.5335260033607483,3.717,0.5822,0.3509,0.7627,0.6313
../structures/1s/1skt.A.pdb,0,-0.22818273305892944,4.693,0.5806,0.375,0.5913,0.5692
../structures/1s/1skt.A.pdb,1,-0.2657904624938965,4.299,0.6083,0.3972,0.6007,0.5782
../structures/1s/1skt.A.pdb,2,-0.20572830736637115,4.798,0.5917,0.3833,0.5929,0.5915
../structures/1s/1skt.A.pdb,3,-0.20164604485034943,4.585,0.5694,0.3556,0.5756,0.5699
../structures/1s/1skt.A.pdb,4,-0.1888355165719986,4.268,0.6194,0.3944,0.6168,0.59
../structures/1s/1sym.B.pdb,0,-0.22680574655532837,5.141,0.5625,0.3723,0.5994,0.558
../structures/1s/1sym.B.pdb,1,-0.2979997396469116,5.044,0.5788,0.3832,0.614,0.5943
../structures/1s/1sym.B.pdb,2,-0.22702686488628387,5.899,0.5136,0.3261,0.5157,0.5434
../structures/1s/1sym.B.pdb,3,-0.22733645141124725,5.682,0.538,0.3505,0.5671,0.5615
../structures/1s/1sym.B.pdb,4,-0.19675537943840027,4.986,0.5707,0.375,0.6011,0.6062
../structures/1w/1w4u.A.pdb,0,-0.22871118783950806,2.526,0.6752,0.4439,0.8007,0.6685
../structures/1w/1w4u.A.pdb,1,-0.192221999168396,2.447,0.6786,0.4456,0.8086,0.6587
../structures/1w/1w4u.A.pdb,2,-0.21982723474502563,2.483,0.6599,0.4286,0.7982,0.6511
../structures/1w/1w4u.A.pdb,3,-0.1550445556640625,2.496,0.6565,0.4252,0.8008,0.6384
../structures/1w/1w4u.A.pdb,4,-0.17428016662597656,2.234,0.7007,0.4711,0.8323,0.6712
../structures/2k/2kxl.A.pdb,0,-0.28372740745544434,4.784,0.5687,0.3486,0.6331,0.6924
../structures/2k/2kxl.A.pdb,1,-0.31289708614349365,5.334,0.5898,0.382,0.6351,0.6916
../structures/2k/2kxl.A.pdb,2,-0.24935422837734222,5.975,0.588,0.3856,0.6333,0.672
../structures/2k/2kxl.A.pdb,3,-0.1870497465133667,4.877,0.581,0.3609,0.6336,0.6709
../structures/2k/2kxl.A.pdb,4,-0.23805919289588928,4.868,0.5704,0.3521,0.6338,0.6785
../structures/2l/2lkc.A.pdb,0,-0.5833006501197815,5.338,0.5492,0.3413,0.6949,0.6069
../structures/2l/2lkc.A.pdb,1,-0.4813988208770752,5.814,0.559,0.3539,0.7038,0.6179
../structures/2l/2lkc.A.pdb,2,-0.42074549198150635,5.258,0.5688,0.3539,0.7072,0.6099
../structures/2l/2lkc.A.pdb,3,-0.5181081891059875,5.581,0.5758,0.3638,0.7155,0.6359
../structures/2l/2lkc.A.pdb,4,-0.5540723204612732,4.971,0.5702,0.3525,0.6958,0.6112
../structures/1l/1lmz.A.pdb,0,-0.10677619278430939,3.533,0.6537,0.4332,0.7912,0.7002
../structures/1l/1lmz.A.pdb,1,-0.17278817296028137,3.827,0.623,0.4051,0.7692,0.7011
../structures/1l/1lmz.A.pdb,2,-0.1672331541776657,3.773,0.639,0.4225,0.7849,0.6961
../structures/1l/1lmz.A.pdb,3,-0.16666054725646973,4.111,0.6578,0.4385,0.8017,0.7071
../structures/1l/1lmz.A.pdb,4,-0.18072964251041412,3.658,0.6845,0.4639,0.8238,0.7237
../structures/2c/2cg7.A.pdb,0,-0.42367902398109436,6.001,0.5444,0.3639,0.5267,0.6672
../structures/2c/2cg7.A.pdb,1,-0.4636765718460083,5.331,0.5444,0.3417,0.5105,0.6772
../structures/2c/2cg7.A.pdb,2,-0.5565282702445984,6.01,0.5167,0.3111,0.4925,0.6223
../structures/2c/2cg7.A.pdb,3,-0.5399806499481201,5.893,0.5139,0.3222,0.4762,0.6554
../structures/2c/2cg7.A.pdb,4,-0.49374401569366455,4.878,0.5389,0.3167,0.5069,0.6614
../structures/1u/1urp.D.pdb,0,-0.1589696854352951,5.059,0.5646,0.3367,0.6468,0.758
../structures/1u/1urp.D.pdb,1,-0.14029210805892944,4.806,0.5692,0.3441,0.662,0.7588
../structures/1u/1urp.D.pdb,2,-0.1652207374572754,4.683,0.5526,0.3247,0.6705,0.7428
../structures/1u/1urp.D.pdb,3,-0.15944591164588928,4.806,0.5618,0.3395,0.6798,0.7403
../structures/1u/1urp.D.pdb,4,-0.15394912660121918,4.827,0.5637,0.3376,0.6745,0.7576
../structures/1o/1orm.A.pdb,0,-0.7200408577919006,5.446,0.4527,0.2348,0.557,0.5695
../structures/1o/1orm.A.pdb,1,-0.827049970626831,5.151,0.4443,0.2196,0.5627,0.5484
../structures/1o/1orm.A.pdb,2,-0.694663941860199,4.259,0.5068,0.2736,0.6147,0.5774
../structures/1o/1orm.A.pdb,3,-0.5718629956245422,5.167,0.4544,0.2297,0.5585,0.5854
../structures/1o/1orm.A.pdb,4,-0.5551618337631226,5.369,0.4392,0.2179,0.5435,0.5813
../structures/1p/1pfl.A.pdb,0,-0.20940519869327545,2.274,0.7014,0.4676,0.8208,0.6656
../structures/1p/1pfl.A.pdb,1,-0.26210418343544006,2.187,0.7068,0.4748,0.8282,0.6735
../structures/1p/1pfl.A.pdb,2,-0.22532424330711365,2.228,0.6888,0.4568,0.8194,0.669
../structures/1p/1pfl.A.pdb,3,-0.25059905648231506,2.171,0.7086,0.4784,0.8333,0.6981
../structures/1p/1pfl.A.pdb,4,-0.23508663475513458,2.151,0.705,0.473,0.8321,0.6695
../structures/1f/1fsf.A.pdb,0,-0.2544606924057007,2.521,0.7227,0.4962,0.8945,0.7179
../structures/1f/1fsf.A.pdb,1,-0.25505203008651733,2.123,0.7274,0.4925,0.9061,0.7233
../structures/1f/1fsf.A.pdb,2,-0.2659095227718353,1.955,0.7378,0.5028,0.9132,0.7396
../structures/1f/1fsf.A.pdb,3,-0.2251286655664444,2.293,0.7162,0.4859,0.8945,0.7194
../structures/1f/1fsf.A.pdb,4,-0.29886916279792786,2.076,0.6945,0.4577,0.9025,0.6958
../structures/1a/1akz.A.pdb,0,-0.2075175642967224,1.808,0.7578,0.5303,0.909,0.7713
../structures/1a/1akz.A.pdb,1,-0.1724715679883957,1.435,0.8464,0.6289,0.9459,0.8121
../structures/1a/1akz.A.pdb,2,-0.18873706459999084,1.808,0.7578,0.528,0.911,0.7647
../structures/1a/1akz.A.pdb,3,-0.23562215268611908,1.421,0.8352,0.6233,0.9432,0.8062
../structures/1a/1akz.A.pdb,4,-0.18774886429309845,1.564,0.7971,0.5751,0.9296,0.7894
../structures/2a/2ai6.A.pdb,0,-0.3216668367385864,3.135,0.686,0.462,0.7633,0.6894
../structures/2a/2ai6.A.pdb,1,-0.4639488160610199,4.228,0.612,0.398,0.7079,0.6361
../structures/2a/2ai6.A.pdb,2,-0.4747944474220276,3.398,0.676,0.446,0.7503,0.6471
../structures/2a/2ai6.A.pdb,3,-0.3997023403644562,4.164,0.622,0.404,0.7044,0.649
../structures/2a/2ai6.A.pdb,4,-0.5352168083190918,4.291,0.626,0.416,0.7236,0.6349
../structures/1v/1vr6.A.pdb,0,-0.5046209692955017,6.11,0.5539,0.3579,0.7512,0.6853
../structures/1v/1vr6.A.pdb,1,-0.5374675393104553,7.42,0.5722,0.3878,0.7492,0.6934
../structures/1v/1vr6.A.pdb,2,-0.5226526260375977,7.766,0.5692,0.3812,0.7482,0.68
../structures/1v/1vr6.A.pdb,3,-0.5022631883621216,7.529,0.5255,0.3404,0.7278,0.6861
../structures/1v/1vr6.A.pdb,4,-0.5104796290397644,7.354,0.5197,0.3324,0.7207,0.6864
../structures/1y/1y3q.A.pdb,0,-1.938248634338379,33.196,0.0796,0.0393,0.2045,0.2097
../structures/1y/1y3q.A.pdb,1,-1.9971516132354736,41.708,0.0944,0.0418,0.2232,0.1998
../structures/1y/1y3q.A.pdb,2,-2.004756212234497,45.883,0.0602,0.025,0.1914,0.1941
../structures/1y/1y3q.A.pdb,3,-1.9854828119277954,34.061,0.0582,0.0235,0.178,0.1817
../structures/1y/1y3q.A.pdb,4,-2.0291588306427,33.557,0.0617,0.027,0.1921,0.1918
../structures/1g/1gud.A.pdb,0,-0.21966956555843353,2.571,0.651,0.4175,0.8678,0.7388
../structures/1g/1gud.A.pdb,1,-0.2636387050151825,2.957,0.6224,0.3863,0.8369,0.7378
../structures/1g/1gud.A.pdb,2,-0.20391030609607697,2.453,0.6719,0.4444,0.8801,0.7343
../structures/1g/1gud.A.pdb,3,-0.2652251720428467,2.757,0.6302,0.4028,0.8554,0.7312
../structures/1g/1gud.A.pdb,4,-0.2529659867286682,3.062,0.6181,0.3837,0.833,0.7322
../structures/1e/1ex6.B.pdb,0,-0.18067187070846558,5.6,0.6344,0.4516,0.7073,0.7871
../structures/1e/1ex6.B.pdb,1,-0.18672479689121246,5.067,0.6586,0.4731,0.7333,0.8049
../structures/1e/1ex6.B.pdb,2,-0.11787599325180054,5.092,0.6505,0.4543,0.7305,0.7816
../structures/1e/1ex6.B.pdb,3,-0.14277750253677368,6.036,0.6304,0.457,0.7065,0.7664
../structures/1e/1ex6.B.pdb,4,-0.14875538647174835,5.601,0.6156,0.4315,0.7173,0.7841
../structures/1w/1wd7.B.pdb,0,-0.2905551791191101,4.495,0.5667,0.3422,0.6764,0.7363
../structures/1w/1wd7.B.pdb,1,-0.2989234924316406,4.28,0.5451,0.3118,0.6922,0.7255
../structures/1w/1wd7.B.pdb,2,-0.24302275478839874,4.584,0.5882,0.3559,0.6626,0.7685
../structures/1w/1wd7.B.pdb,3,-0.2833031117916107,4.27,0.5755,0.35,0.6995,0.7493
../structures/1w/1wd7.B.pdb,4,-0.2968568205833435,4.888,0.5402,0.3127,0.6482,0.7529
../structures/1w/1w0j.E.pdb,0,-1.9171096086502075,20.709,0.1781,0.0842,0.3657,0.2852
../structures/1w/1w0j.E.pdb,1,-1.858734369277954,18.984,0.2092,0.1078,0.4224,0.3041
../structures/1w/1w0j.E.pdb,2,-1.950344204902649,21.212,0.1609,0.0681,0.3693,0.279
../structures/1w/1w0j.E.pdb,3,-1.8843307495117188,21.023,0.1803,0.0848,0.3787,0.2778
../structures/1w/1w0j.E.pdb,4,-1.8682721853256226,17.911,0.1872,0.0869,0.3963,0.2848
../structures/1r/1rf5.A.pdb,0,-1.268639326095581,14.164,0.332,0.1786,0.5678,0.3958
../structures/1r/1rf5.A.pdb,1,-1.2960481643676758,13.504,0.3068,0.1593,0.5465,0.3906
../structures/1r/1rf5.A.pdb,2,-1.2927401065826416,18.474,0.2845,0.1352,0.507,0.3637
../structures/1r/1rf5.A.pdb,3,-1.24783194065094,15.336,0.3126,0.1516,0.5705,0.3903
../structures/1r/1rf5.A.pdb,4,-1.2432878017425537,13.017,0.3126,0.1569,0.5634,0.3985
../structures/1s/1s2o.A.pdb,0,-0.22452585399150848,2.52,0.6578,0.4221,0.8594,0.724
../structures/1s/1s2o.A.pdb,1,-0.24050258100032806,2.253,0.6895,0.4529,0.8812,0.7292
../structures/1s/1s2o.A.pdb,2,-0.270155131816864,2.778,0.6609,0.4293,0.8349,0.7283
../structures/1s/1s2o.A.pdb,3,-0.26610252261161804,2.753,0.6793,0.4457,0.8358,0.7214
../structures/1s/1s2o.A.pdb,4,-0.26563072204589844,2.532,0.6486,0.4139,0.8558,0.7065
../structures/1k/1k5h.A.pdb,0,-1.1562432050704956,12.505,0.3499,0.191,0.5779,0.399
../structures/1k/1k5h.A.pdb,1,-1.2443917989730835,12.179,0.3543,0.191,0.5989,0.4265
../structures/1k/1k5h.A.pdb,2,-1.1475481986999512,11.447,0.3411,0.1709,0.6007,0.4116
../structures/1k/1k5h.A.pdb,3,-1.1670564413070679,12.247,0.3128,0.1577,0.5506,0.4043
../structures/1k/1k5h.A.pdb,4,-1.2135738134384155,14.773,0.2776,0.1413,0.5029,0.4012
../structures/1z/1zol.A.pdb,0,-0.0971921980381012,2.6,0.7025,0.4729,0.8398,0.7553
../structures/1z/1zol.A.pdb,1,-0.15868085622787476,2.442,0.7353,0.5124,0.8614,0.7655
../structures/1z/1zol.A.pdb,2,-0.1399042308330536,2.729,0.6991,0.4695,0.8343,0.7584
../structures/1z/1zol.A.pdb,3,-0.19889535009860992,2.654,0.6867,0.457,0.8406,0.7401
../structures/1z/1zol.A.pdb,4,-0.1562318652868271,2.298,0.7195,0.4898,0.8662,0.7625
../structures/1v/1viy.C.pdb,0,-0.3252783715724945,3.169,0.6514,0.4207,0.82,0.7369
../structures/1v/1viy.C.pdb,1,-0.3093164265155792,3.327,0.6418,0.4147,0.8088,0.7631
../structures/1v/1viy.C.pdb,2,-0.26751482486724854,3.49,0.6358,0.4099,0.7834,0.7583
../structures/1v/1viy.C.pdb,3,-0.34560009837150574,3.635,0.6274,0.4014,0.8049,0.7364
../structures/1v/1viy.C.pdb,4,-0.2921786606311798,3.18,0.6298,0.4038,0.8105,0.7379
../structures/1z/1za1.A.pdb,0,-0.42859458923339844,2.685,0.65,0.4137,0.8769,0.6719
../structures/1z/1za1.A.pdb,1,-0.38143858313560486,2.572,0.6734,0.4387,0.8859,0.6996
../structures/1z/1za1.A.pdb,2,-0.3759864270687103,2.586,0.6758,0.4452,0.8835,0.7015
../structures/1z/1za1.A.pdb,3,-0.363246351480484,2.691,0.6806,0.446,0.8851,0.7093
../structures/1z/1za1.A.pdb,4,-0.4271067678928375,2.503,0.6887,0.4565,0.8915,0.6896
../structures/1j/1jej.A.pdb,0,-0.6430808901786804,6.885,0.4117,0.208,0.6698,0.5386
../structures/1j/1jej.A.pdb,1,-0.7001205682754517,7.458,0.3917,0.1966,0.6457,0.5236
../structures/1j/1jej.A.pdb,2,-0.6321566700935364,7.106,0.3775,0.1752,0.6238,0.53
../structures/1j/1jej.A.pdb,3,-0.6290861964225769,6.943,0.386,0.1823,0.6486,0.5236
../structures/1j/1jej.A.pdb,4,-0.7353820204734802,7.72,0.3889,0.1959,0.6546,0.4977
../structures/1h/1hoo.B.pdb,0,-1.5163956880569458,15.997,0.2187,0.0963,0.4467,0.3097
../structures/1h/1hoo.B.pdb,1,-1.5728858709335327,19.935,0.1845,0.0777,0.4042,0.2969
../structures/1h/1hoo.B.pdb,2,-1.5303218364715576,13.638,0.2053,0.0789,0.4605,0.3151
../structures/1h/1hoo.B.pdb,3,-1.4770840406417847,12.073,0.2425,0.1154,0.4959,0.3518
../structures/1h/1hoo.B.pdb,4,-1.6450092792510986,19.103,0.1937,0.0916,0.3996,0.2828
../structures/1e/1e5l.A.pdb,0,-1.472266435623169,14.797,0.2366,0.1069,0.4689,0.3376
../structures/1e/1e5l.A.pdb,1,-1.5173202753067017,26.369,0.2166,0.1069,0.3946,0.3101
../structures/1e/1e5l.A.pdb,2,-1.513045310974121,15.439,0.2255,0.108,0.436,0.3058
../structures/1e/1e5l.A.pdb,3,-1.4988590478897095,15.312,0.2455,0.1236,0.4702,0.3191
../structures/1e/1e5l.A.pdb,4,-1.5186067819595337,17.539,0.2244,0.1063,0.4423,0.3026
../structures/1h/1hw1.B.pdb,0,-0.19719356298446655,2.225,0.7124,0.49,0.8782,0.783
../structures/1h/1hw1.B.pdb,1,-0.1898518204689026,3.02,0.646,0.4159,0.7972,0.7643
../structures/1h/1hw1.B.pdb,2,-0.15911293029785156,3.154,0.6515,0.4226,0.8008,0.7672
../structures/1h/1hw1.B.pdb,3,-0.17337678372859955,2.911,0.6394,0.4215,0.816,0.767
../structures/1h/1hw1.B.pdb,4,-0.16958515346050262,2.698,0.6648,0.4347,0.8372,0.7546
../structures/1l/1l0w.B.pdb,0,-2.1451241970062256,34.017,0.0483,0.0155,0.1982,0.1897
../structures/1l/1l0w.B.pdb,1,-2.100830554962158,30.964,0.0457,0.0181,0.1796,0.1798
../structures/1l/1l0w.B.pdb,2,-2.0954983234405518,32.521,0.0517,0.0159,0.1981,0.2126
../structures/1l/1l0w.B.pdb,3,-2.1237070560455322,34.635,0.0431,0.0164,0.1704,0.2036
../structures/1l/1l0w.B.pdb,4,-2.106546401977539,34.43,0.053,0.0177,0.1925,0.1863
../structures/1o/1otj.D.pdb,0,-0.3934524655342102,2.983,0.6545,0.4232,0.8699,0.7078
../structures/1o/1otj.D.pdb,1,-0.3486216068267822,3.496,0.7268,0.5045,0.8798,0.7281
../structures/1o/1otj.D.pdb,2,-0.3838455080986023,3.325,0.6982,0.4688,0.881,0.7112
../structures/1o/1otj.D.pdb,3,-0.3498453199863434,3.478,0.6929,0.4679,0.8818,0.7248
../structures/1o/1otj.D.pdb,4,-0.37118181586265564,3.248,0.7071,0.483,0.8723,0.7108
../structures/1e/1evk.A.pdb,0,-1.3159953355789185,20.707,0.3473,0.2007,0.555,0.4165
../structures/1e/1evk.A.pdb,1,-1.37849760055542,21.042,0.3435,0.2026,0.5437,0.4064
../structures/1e/1evk.A.pdb,2,-1.355495810508728,15.666,0.3685,0.2138,0.573,0.4437
../structures/1e/1evk.A.pdb,3,-1.2428196668624878,10.27,0.3491,0.192,0.5879,0.4316
../structures/1e/1evk.A.pdb,4,-1.2738521099090576,9.205,0.3809,0.2032,0.6421,0.4562
../structures/1g/1g6w.D.pdb,0,-0.31382420659065247,3.104,0.6535,0.4276,0.8493,0.7199
../structures/1g/1g6w.D.pdb,1,-0.2613665461540222,4.189,0.6081,0.389,0.8035,0.7083
../structures/1g/1g6w.D.pdb,2,-0.3842741549015045,3.937,0.6361,0.4151,0.8178,0.7048
../structures/1g/1g6w.D.pdb,3,-0.3332942724227905,3.917,0.6824,0.4643,0.845,0.7363
../structures/1g/1g6w.D.pdb,4,-0.3505714237689972,3.852,0.6361,0.416,0.8146,0.7087
../structures/1n/1njg.B.pdb,0,-0.34097564220428467,2.681,0.6674,0.4393,0.8437,0.7143
../structures/1n/1njg.B.pdb,1,-0.37381500005722046,2.798,0.6695,0.4456,0.8264,0.7273
../structures/1n/1njg.B.pdb,2,-0.38113048672676086,2.606,0.6684,0.4351,0.8552,0.7334
../structures/1n/1njg.B.pdb,3,-0.3307367265224457,2.717,0.6715,0.4404,0.8425,0.7348
../structures/1n/1njg.B.pdb,4,-0.394773006439209,2.531,0.6579,0.4289,0.8556,0.7253
../structures/1r/1rka.A.pdb,0,-0.42056944966316223,3.151,0.6262,0.3926,0.8435,0.7138
../structures/1r/1rka.A.pdb,1,-0.40169665217399597,3.222,0.6221,0.391,0.8468,0.7125
../structures/1r/1rka.A.pdb,2,-0.36688995361328125,3.763,0.5951,0.3656,0.8339,0.6996
../structures/1r/1rka.A.pdb,3,-0.4076119065284729,3.269,0.6238,0.3877,0.8496,0.6895
../structures/1r/1rka.A.pdb,4,-0.44446438550949097,2.931,0.6352,0.3975,0.8556,0.6913
../structures/1k/1k6w.A.pdb,0,-1.3837310075759888,21.872,0.3056,0.1684,0.4976,0.3686
../structures/1k/1k6w.A.pdb,1,-1.3986157178878784,22.728,0.3227,0.1809,0.5263,0.3545
../structures/1k/1k6w.A.pdb,2,-1.3712716102600098,27.297,0.279,0.1531,0.4642,0.3381
../structures/1k/1k6w.A.pdb,3,-1.4704012870788574,15.097,0.2943,0.1608,0.5152,0.3407
../structures/1k/1k6w.A.pdb,4,-1.2605317831039429,24.059,0.3381,0.1891,0.5395,0.3783
../structures/1y/1yl5.B.pdb,0,-0.3189540207386017,3.164,0.6488,0.414,0.8392,0.6977
../structures/1y/1yl5.B.pdb,1,-0.3370620310306549,3.252,0.664,0.4352,0.8391,0.7308
../structures/1y/1yl5.B.pdb,2,-0.3336170017719269,2.805,0.664,0.4302,0.8538,0.7244
../structures/1y/1yl5.B.pdb,3,-0.3683456778526306,3.238,0.6437,0.415,0.8418,0.7016
../structures/1y/1yl5.B.pdb,4,-0.3390793204307556,3.257,0.6518,0.4291,0.8418,0.7352
../structures/6o/6oy9.B.pdb,0,-0.6126527786254883,9.608,0.5487,0.3341,0.7709,0.6445
../structures/6o/6oy9.B.pdb,1,-0.5883086919784546,6.947,0.5295,0.3119,0.7774,0.646
../structures/6o/6oy9.B.pdb,2,-0.6466302275657654,5.752,0.5457,0.3208,0.7883,0.6414
../structures/6o/6oy9.B.pdb,3,-0.8137553930282593,23.359,0.5487,0.3466,0.7602,0.6152
../structures/6o/6oy9.B.pdb,4,-0.5819916129112244,8.786,0.5465,0.3311,0.7806,0.6491
../structures/1a/1a6d.A.pdb,0,-2.057523727416992,31.701,0.0596,0.0204,0.2091,0.1742
../structures/1a/1a6d.A.pdb,1,-2.0183732509613037,30.071,0.083,0.0298,0.2535,0.1938
../structures/1a/1a6d.A.pdb,2,-2.061924695968628,37.503,0.0537,0.0199,0.1856,0.1651
../structures/1a/1a6d.A.pdb,3,-2.0729410648345947,28.948,0.0462,0.0159,0.1882,0.1597
../structures/1a/1a6d.A.pdb,4,-2.03212571144104,46.42,0.0562,0.0204,0.1925,0.1731
../structures/2r/2rcs.H.pdb,0,-0.3805316090583801,6.476,0.477,0.2926,0.5509,0.699
../structures/2r/2rcs.H.pdb,1,-0.37999609112739563,6.056,0.5253,0.3272,0.5918,0.7338
../structures/2r/2rcs.H.pdb,2,-0.4097275137901306,6.584,0.4516,0.2719,0.5454,0.6815
../structures/2r/2rcs.H.pdb,3,-0.4032540023326874,5.118,0.5207,0.3053,0.6205,0.7333
../structures/2r/2rcs.H.pdb,4,-0.4301680028438568,5.273,0.5472,0.3341,0.614,0.7274
../structures/1a/1aw2.A.pdb,0,-0.18190614879131317,2.098,0.7392,0.5108,0.9038,0.7622
../structures/1a/1aw2.A.pdb,1,-0.21116705238819122,1.885,0.801,0.5784,0.9246,0.7891
../structures/1a/1aw2.A.pdb,2,-0.2360706627368927,1.899,0.7745,0.5461,0.9181,0.7844
../structures/1a/1aw2.A.pdb,3,-0.19886235892772675,2.101,0.7941,0.5745,0.915,0.7885
../structures/1a/1aw2.A.pdb,4,-0.129733145236969,2.303,0.7735,0.5529,0.9069,0.7861
../structures/1r/1rkm.A.pdb,0,-2.0153696537017822,17.528,0.0957,0.0329,0.3271,0.1956
../structures/1r/1rkm.A.pdb,1,-2.0312328338623047,19.968,0.0817,0.0343,0.2753,0.2087
../structures/1r/1rkm.A.pdb,2,-2.0292975902557373,28.896,0.0677,0.0242,0.211,0.1801
../structures/1r/1rkm.A.pdb,3,-1.971842646598816,16.99,0.1064,0.0416,0.3247,0.2624
../structures/1r/1rkm.A.pdb,4,-2.0076658725738525,22.522,0.0585,0.0208,0.2292,0.186
../structures/7a/7azp.A.pdb,0,-2.0234479904174805,49.838,0.0586,0.0219,0.2018,0.2088
../structures/7a/7azp.A.pdb,1,-1.997645378112793,36.483,0.0824,0.0329,0.2182,0.2251
../structures/7a/7azp.A.pdb,2,-2.015697717666626,35.795,0.0614,0.0233,0.1976,0.193
../structures/7a/7azp.A.pdb,3,-2.044879198074341,34.0,0.0505,0.0181,0.2044,0.1795
../structures/7a/7azp.A.pdb,4,-2.0414881706237793,38.431,0.051,0.0214,0.1764,0.2248
../structures/4l/4lp5.A.pdb,0,-0.8619293570518494,19.309,0.2409,0.1416,0.3707,0.5264
../structures/4l/4lp5.A.pdb,1,-0.7575745582580566,18.751,0.226,0.1349,0.3642,0.5398
../structures/4l/4lp5.A.pdb,2,-0.8485479950904846,19.645,0.2392,0.149,0.372,0.5664
../structures/4l/4lp5.A.pdb,3,-0.7918252348899841,20.537,0.2177,0.1275,0.3563,0.5457
../structures/4l/4lp5.A.pdb,4,-0.7255534529685974,19.594,0.2285,0.1366,0.3708,0.5603
../structures/1c/1cfc.A.pdb,0,-0.363406240940094,8.542,0.3446,0.2044,0.4115,0.5918
../structures/1c/1cfc.A.pdb,1,-0.3384310305118561,8.481,0.3564,0.2078,0.4152,0.563
../structures/1c/1cfc.A.pdb,2,-0.3479844033718109,6.976,0.3986,0.223,0.4188,0.5756
../structures/1c/1cfc.A.pdb,3,-0.3717392683029175,6.73,0.3986,0.2078,0.4059,0.5721
../structures/1c/1cfc.A.pdb,4,-0.37504395842552185,7.096,0.4139,0.2382,0.4526,0.5886
../structures/2k/2kq2.A.pdb,0,-0.6056774854660034,8.388,0.3588,0.2126,0.4345,0.5238
../structures/2k/2kq2.A.pdb,1,-0.5840217471122742,8.337,0.335,0.1922,0.4298,0.5244
../structures/2k/2kq2.A.pdb,2,-0.5536694526672363,8.024,0.3707,0.2143,0.4495,0.5498
../structures/2k/2kq2.A.pdb,3,-0.5258600115776062,7.445,0.3741,0.2058,0.4574,0.5287
../structures/2k/2kq2.A.pdb,4,-0.5835427641868591,8.761,0.3418,0.199,0.4304,0.5256
../structures/1d/1dmo.A.pdb,0,-0.3703761398792267,15.924,0.2753,0.1757,0.3162,0.5243
../structures/1d/1dmo.A.pdb,1,-0.40481269359588623,15.214,0.2922,0.1892,0.3261,0.5391
../structures/1d/1dmo.A.pdb,2,-0.36289623379707336,15.937,0.2821,0.1909,0.3264,0.535
../structures/1d/1dmo.A.pdb,3,-0.4141225814819336,14.608,0.2821,0.174,0.3139,0.5406
../structures/1d/1dmo.A.pdb,4,-0.4581649601459503,15.527,0.3226,0.2111,0.3555,0.5459
